Employee Directory ,,,,,,,,,,,,,,,,,,,,,,,,,
,,,,,,,,,,,,,,,,,,,,,,,,,
First Name,Last Name,Title,Department,Email,Extension,,,,,,,,,,,,,,,,,,,,
Ainsley,Barnett,Customer Service Representative,Customer Service,abarnett@red30tech.com,1457,,,,,,,,,,,,,,,,,,,,
Davis,Lang,Product Manager,Travel Products,dlang@red30tech.com,1298,,,,,,,,,,,,,,,,,,,,
Yvonne,Fischer,Product Manager,Travel Products,yfischer@red30tech.com,1760,,,,,,,,,,,,,,,,,,,,
Tucker,Quinn,Sales Representative,Travel Products,tquinn@red30tech.com,1827,,,,,,,,,,,,,,,,,,,,
Mary,Small,Designer,Marketing,msmall@red30tech.com,1469,,,,,,,,,,,,,,,,,,,,
Eric,Burch,Product Manager,Travel Products,eburch@red30tech.com,1489,,,,,,,,,,,,,,,,,,,,
Kermit,Bowen,Sales Representative,Travel Products,kbowen@red30tech.com,1756,,,,,,,,,,,,,,,,,,,,
Amaya,Witt,Customer Service Representative,Customer Service,awitt@red30tech.com,1785,,,,,,,,,,,,,,,,,,,,
Jemima,Mccormick,Customer Service Representative,Customer Service,jmccormick@red30tech.com,1377,,,,,,,,,,,,,,,,,,,,
Dominic,Buchanan,Product Manager,Travel Products,dbuchanan@red30tech.com,1892,,,,,,,,,,,,,,,,,,,,
Hermione,Lane,Product Manager,Travel Products,hlane@red30tech.com,1549,,,,,,,,,,,,,,,,,,,,
Quincy,Lindsay,Designer,Marketing,qlindsay@red30tech.com,1500,,,,,,,,,,,,,,,,,,,,
Lewis,Rivas,Senior Writer,Marketing,lrivas@red30tech.com,1894,,,,,,,,,,,,,,,,,,,,
Deanna,Rowland,Designer,Marketing,drowland@red30tech.com,1358,,,,,,,,,,,,,,,,,,,,
Julie,Davenport,Customer Service Representative,Customer Service,jdavenport@red30tech.com,1761,,,,,,,,,,,,,,,,,,,,
Scarlet,Mccoy,Accountant,Finance,smccoy@red30tech.com,1405,,,,,,,,,,,,,,,,,,,,
Dolan,York,Server Adminstrator,Information Systems,dyork@red30tech.com,1277,,,,,,,,,,,,,,,,,,,,
Zahir,Pickett,Web Designer,Marketing,zpickett@red30tech.com,1273,,,,,,,,,,,,,,,,,,,,
Thor,Watson,Customer Service Representative,Customer Service,twatson@red30tech.com,1387,,,,,,,,,,,,,,,,,,,,
Isaiah,Kelley,Engineer,Facilities,ikelley@red30tech.com,1646,,,,,,,,,,,,,,,,,,,,
Medge,Rollins,Customer Service Representative,Customer Service,mrollins@red30tech.com,1400,,,,,,,,,,,,,,,,,,,,
Hector,Dillon,Accountant,Finance,hdillon@red30tech.com,1578,,,,,,,,,,,,,,,,,,,,
Amelia,Mcfadden,Customer Service Representative,Customer Service,amcfadden@red30tech.com,1529,,,,,,,,,,,,,,,,,,,,
Shafira,Lambert,Designer,Marketing,slambert@red30tech.com,1867,,,,,,,,,,,,,,,,,,,,
Rowan,Justice,HR Assistant,Human Resources,rjustice@red30tech.com,1568,,,,,,,,,,,,,,,,,,,,
Guy,Maddox,Designer,Marketing,gmaddox@red30tech.com,1827,,,,,,,,,,,,,,,,,,,,
Guinevere,Banks,Engineer,Facilities,gbanks@red30tech.com,1548,,,,,,,,,,,,,,,,,,,,
Sonia,Haynes,Sales Representative,Travel Products,shaynes@red30tech.com,1317,,,,,,,,,,,,,,,,,,,,
Thane,Rivers,Senior Writer,Marketing,trivers@red30tech.com,1276,,,,,,,,,,,,,,,,,,,,
Dillon,Hahn,HR Assistant,Human Resources,dhahn@red30tech.com,1385,,,,,,,,,,,,,,,,,,,,
Gil,Leach,Senior Writer,Marketing,gleach@red30tech.com,1563,,,,,,,,,,,,,,,,,,,,
Bert,Russell,Vice President HR,Human Resources,brussell@red30tech.com,1574,,,,,,,,,,,,,,,,,,,,
Elliott,Moore,Sales Representative,Travel Products,emoore@red30tech.com,1320,,,,,,,,,,,,,,,,,,,,
Ciara,Lane,Photographer,Marketing,clane@red30tech.com,1751,,,,,,,,,,,,,,,,,,,,
Brielle,Lester,Sales Representative,Travel Products,blester@red30tech.com,1872,,,,,,,,,,,,,,,,,,,,
Abbot,Petty,Travel Writer,Travel Products,apetty@red30tech.com,1775,,,,,,,,,,,,,,,,,,,,
Donovan,Jarvis,CEO,Executive Team,djarvis@red30tech.com,1662,,,,,,,,,,,,,,,,,,,,
Gail,Powers,Sales Representative,Travel Products,gpowers@red30tech.com,1661,,,,,,,,,,,,,,,,,,,,
Helen,Leon,Video Editor,Marketing,hleon@red30tech.com,1366,,,,,,,,,,,,,,,,,,,,
Deanna,Michael,Web Designer,Marketing,dmichael@red30tech.com,1876,,,,,,,,,,,,,,,,,,,,
Lila,Young,Sales Representative,Travel Products,lyoung@red30tech.com,1396,,,,,,,,,,,,,,,,,,,,
Grant,Nguyen,Sales Representative,Travel Products,gnguyen@red30tech.com,1853,,,,,,,,,,,,,,,,,,,,
Reagan,Wheeler,Executive Assistant,Executive Team,rwheeler@red30tech.com,1258,,,,,,,,,,,,,,,,,,,,
Cadman,Powers,Photographer,Marketing,cpowers@red30tech.com,1829,,,,,,,,,,,,,,,,,,,,
Yvette,Diaz,Web Designer,Marketing,ydiaz@red30tech.com,1376,,,,,,,,,,,,,,,,,,,,
Yuli,Shepard,Travel Writer,Travel Products,yshepard@red30tech.com,1785,,,,,,,,,,,,,,,,,,,,
Gage,Hurley,HR Assistant,Human Resources,ghurley@red30tech.com,1349,,,,,,,,,,,,,,,,,,,,
Logan,Davenport,Sales Representative,Travel Products,ldavenport@red30tech.com,1498,,,,,,,,,,,,,,,,,,,,
Devin,David,CFO,Executive Team,ddavid@red30tech.com,1634,,,,,,,,,,,,,,,,,,,,
Tatum,Hoover,Product Manager,Travel Products,thoover@red30tech.com,1416,,,,,,,,,,,,,,,,,,,,
Isabella,Bauer,Customer Service Representative,Customer Service,ibauer@red30tech.com,1291,,,,,,,,,,,,,,,,,,,,
Ella,Callahan,Product Manager,Travel Products,ecallahan@red30tech.com,1876,,,,,,,,,,,,,,,,,,,,
Dakota,Alston,Executive Assistant,Executive Team,dalston@red30tech.com,1614,,,,,,,,,,,,,,,,,,,,
Suki,Gillespie,Photographer,Marketing,sgillespie@red30tech.com,1337,,,,,,,,,,,,,,,,,,,,
Whilemina,Gutierrez,Video Editor,Marketing,wgutierrez@red30tech.com,1538,,,,,,,,,,,,,,,,,,,,
Denton,Lester,Customer Service Representative,Customer Service,dlester@red30tech.com,1723,,,,,,,,,,,,,,,,,,,,
Brock,Pace,Copy Writer,Marketing,bpace@red30tech.com,1898,,,,,,,,,,,,,,,,,,,,
Roanna,Bush,Video Editor,Marketing,rbush@red30tech.com,1465,,,,,,,,,,,,,,,,,,,,
Sierra,Obrien,Engineer,Facilities,sobrien@red30tech.com,1761,,,,,,,,,,,,,,,,,,,,
Joy,Gibbs,Copy Writer,Marketing,jgibbs@red30tech.com,1806,,,,,,,,,,,,,,,,,,,,
Basil,Pope,Server Adminstrator,Information Systems,bpope@red30tech.com,1787,,,,,,,,,,,,,,,,,,,,
Ebony,Schneider,Travel Writer,Travel Products,eschneider@red30tech.com,1376,,,,,,,,,,,,,,,,,,,,
Rahim,Hyde,Customer Service Representative,Customer Service,rhyde@red30tech.com,1549,,,,,,,,,,,,,,,,,,,,
Darrel,Pate,Customer Service Representative,Customer Service,dpate@red30tech.com,1628,,,,,,,,,,,,,,,,,,,,
Adena,Morse,Customer Service Representative,Customer Service,amorse@red30tech.com,1409,,,,,,,,,,,,,,,,,,,,
Donovan,England,Product Manager,Travel Products,dengland@red30tech.com,1327,,,,,,,,,,,,,,,,,,,,
Shay,Gaines,Product Manager,Travel Products,sgaines@red30tech.com,1786,,,,,,,,,,,,,,,,,,,,
Alexa,Moses,Copy Writer,Marketing,amoses@red30tech.com,1828,,,,,,,,,,,,,,,,,,,,
Rhonda,Hahn,Server Adminstrator,Information Systems,rhahn@red30tech.com,1600,,,,,,,,,,,,,,,,,,,,
Kiona,Hancock,Customer Service Representative,Customer Service,khancock@red30tech.com,1840,,,,,,,,,,,,,,,,,,,,
Athena,Bean,Customer Service Representative,Customer Service,abean@red30tech.com,1878,,,,,,,,,,,,,,,,,,,,
Natalie,Norris,Server Adminstrator,Information Systems,nnorris@red30tech.com,1384,,,,,,,,,,,,,,,,,,,,
Serina,Phelps,Video Editor,Marketing,sphelps@red30tech.com,1702,,,,,,,,,,,,,,,,,,,,
Erin,Atkinson,Customer Service Representative,Customer Service,eatkinson@red30tech.com,1847,,,,,,,,,,,,,,,,,,,,
Addison,Beck,Server Adminstrator,Information Systems,abeck@red30tech.com,1600,,,,,,,,,,,,,,,,,,,,
Carter,Peterson,Customer Service Representative,Customer Service,cpeterson@red30tech.com,1491,,,,,,,,,,,,,,,,,,,,
Samuel,Brooks,Video Editor,Marketing,sbrooks@red30tech.com,1571,,,,,,,,,,,,,,,,,,,,
Ursula,Ballard,Executive Assistant,Executive Team,uballard@red30tech.com,1615,,,,,,,,,,,,,,,,,,,,
Deborah,Harper,Photographer,Marketing,dharper@red30tech.com,1293,,,,,,,,,,,,,,,,,,,,
Amethyst,Ashley,Customer Service Representative,Customer Service,aashley@red30tech.com,1670,,,,,,,,,,,,,,,,,,,,
Gavin,Medina,Chief Technology Officer,Information Systems,gmedina@red30tech.com,1291,,,,,,,,,,,,,,,,,,,,
Dacey,Flynn,Server Adminstrator,Information Systems,dflynn@red30tech.com,1865,,,,,,,,,,,,,,,,,,,,
Susan,Potter,Customer Service Representative,Customer Service,spotter@red30tech.com,1813,,,,,,,,,,,,,,,,,,,,
